[
  {
    "city": "Chaguanas", 
    "lat": "10.5167", 
    "lng": "-61.4000", 
    "country": "Trinidad and Tobago", 
    "iso2": "TT", 
    "admin_name": "Chaguanas", 
    "capital": "admin", 
    "population": "101297", 
    "population_proper": "83489"
  }, 
  {
    "city": "San Fernando", 
    "lat": "10.2833", 
    "lng": "-61.4667", 
    "country": "Trinidad and Tobago", 
    "iso2": "TT", 
    "admin_name": "San Fernando", 
    "capital": "admin", 
    "population": "82997", 
    "population_proper": "55419"
  }, 
  {
    "city": "Port of Spain", 
    "lat": "10.6667", 
    "lng": "-61.5167", 
    "country": "Trinidad and Tobago", 
    "iso2": "TT", 
    "admin_name": "Port of Spain", 
    "capital": "primary", 
    "population": "81142", 
    "population_proper": "37074"
  }, 
  {
    "city": "Arima", 
    "lat": "10.6333", 
    "lng": "-61.2833", 
    "country": "Trinidad and Tobago", 
    "iso2": "TT", 
    "admin_name": "Arima", 
    "capital": "admin", 
    "population": "65623", 
    "population_proper": "33606"
  }, 
  {
    "city": "Couva", 
    "lat": "10.4167", 
    "lng": "-61.4500", 
    "country": "Trinidad and Tobago", 
    "iso2": "TT", 
    "admin_name": "Couva/Tabaquite/Talparo", 
    "capital": "admin", 
    "population": "48858", 
    "population_proper": "48858"
  }, 
  {
    "city": "Point Fortin", 
    "lat": "10.1667", 
    "lng": "-61.6667", 
    "country": "Trinidad and Tobago", 
    "iso2": "TT", 
    "admin_name": "Point Fortin", 
    "capital": "admin", 
    "population": "29579", 
    "population_proper": "20161"
  }, 
  {
    "city": "Princes Town", 
    "lat": "10.2667", 
    "lng": "-61.3833", 
    "country": "Trinidad and Tobago", 
    "iso2": "TT", 
    "admin_name": "Princes Town", 
    "capital": "admin", 
    "population": "28335", 
    "population_proper": "28335"
  }, 
  {
    "city": "Diego Martin", 
    "lat": "10.7167", 
    "lng": "-61.5667", 
    "country": "Trinidad and Tobago", 
    "iso2": "TT", 
    "admin_name": "Diego Martin", 
    "capital": "admin", 
    "population": "25370", 
    "population_proper": "25370"
  }, 
  {
    "city": "Laventille", 
    "lat": "10.6500", 
    "lng": "-61.4833", 
    "country": "Trinidad and Tobago", 
    "iso2": "TT", 
    "admin_name": "San Juan/Laventille", 
    "capital": "", 
    "population": "21454", 
    "population_proper": "21454"
  }, 
  {
    "city": "Sangre Grande", 
    "lat": "10.5667", 
    "lng": "-61.1333", 
    "country": "Trinidad and Tobago", 
    "iso2": "TT", 
    "admin_name": "Sangre Grande", 
    "capital": "admin", 
    "population": "18127", 
    "population_proper": "18127"
  }, 
  {
    "city": "Tunapuna", 
    "lat": "10.6333", 
    "lng": "-61.3833", 
    "country": "Trinidad and Tobago", 
    "iso2": "TT", 
    "admin_name": "Tunapuna/Piarco", 
    "capital": "admin", 
    "population": "17650", 
    "population_proper": "17650"
  }, 
  {
    "city": "Scarborough", 
    "lat": "11.1833", 
    "lng": "-60.7375", 
    "country": "Trinidad and Tobago", 
    "iso2": "TT", 
    "admin_name": "Tobago", 
    "capital": "admin", 
    "population": "17537", 
    "population_proper": "17537"
  }, 
  {
    "city": "Marabella", 
    "lat": "10.3000", 
    "lng": "-61.4500", 
    "country": "Trinidad and Tobago", 
    "iso2": "TT", 
    "admin_name": "San Fernando", 
    "capital": "", 
    "population": "12508", 
    "population_proper": "12508"
  }, 
  {
    "city": "Siparia", 
    "lat": "10.1333", 
    "lng": "-61.5000", 
    "country": "Trinidad and Tobago", 
    "iso2": "TT", 
    "admin_name": "Siparia", 
    "capital": "admin", 
    "population": "10254", 
    "population_proper": "10254"
  }, 
  {
    "city": "Rio Claro", 
    "lat": "10.3042", 
    "lng": "-61.1708", 
    "country": "Trinidad and Tobago", 
    "iso2": "TT", 
    "admin_name": "Mayaro/Rio Claro", 
    "capital": "admin", 
    "population": "8881", 
    "population_proper": "8881"
  }, 
  {
    "city": "Cunupia", 
    "lat": "10.5500", 
    "lng": "-61.3667", 
    "country": "Trinidad and Tobago", 
    "iso2": "TT", 
    "admin_name": "Chaguanas", 
    "capital": "", 
    "population": "8768", 
    "population_proper": "8768"
  }, 
  {
    "city": "Debe", 
    "lat": "10.2000", 
    "lng": "-61.4500", 
    "country": "Trinidad and Tobago", 
    "iso2": "TT", 
    "admin_name": "Penal/Debe", 
    "capital": "admin", 
    "population": "7084", 
    "population_proper": "7084"
  }, 
  {
    "city": "Malabar Settlement", 
    "lat": "10.6167", 
    "lng": "-61.2833", 
    "country": "Trinidad and Tobago", 
    "iso2": "TT", 
    "admin_name": "Arima", 
    "capital": "", 
    "population": "", 
    "population_proper": ""
  }, 
  {
    "city": "Woodbrook", 
    "lat": "10.6628", 
    "lng": "-61.5231", 
    "country": "Trinidad and Tobago", 
    "iso2": "TT", 
    "admin_name": "Port of Spain", 
    "capital": "", 
    "population": "", 
    "population_proper": ""
  }, 
  {
    "city": "Saint James", 
    "lat": "10.6717", 
    "lng": "-61.5345", 
    "country": "Trinidad and Tobago", 
    "iso2": "TT", 
    "admin_name": "Port of Spain", 
    "capital": "", 
    "population": "", 
    "population_proper": ""
  }, 
  {
    "city": "Peru", 
    "lat": "10.6636", 
    "lng": "-61.5358", 
    "country": "Trinidad and Tobago", 
    "iso2": "TT", 
    "admin_name": "Port of Spain", 
    "capital": "", 
    "population": "", 
    "population_proper": ""
  }, 
  {
    "city": "Mucurapo", 
    "lat": "10.6625", 
    "lng": "-61.5370", 
    "country": "Trinidad and Tobago", 
    "iso2": "TT", 
    "admin_name": "Port of Spain", 
    "capital": "", 
    "population": "", 
    "population_proper": ""
  }, 
  {
    "city": "Corbeaux Town", 
    "lat": "10.6500", 
    "lng": "-61.5167", 
    "country": "Trinidad and Tobago", 
    "iso2": "TT", 
    "admin_name": "Port of Spain", 
    "capital": "", 
    "population": "", 
    "population_proper": ""
  }, 
  {
    "city": "Coffee", 
    "lat": "10.2681", 
    "lng": "-61.4607", 
    "country": "Trinidad and Tobago", 
    "iso2": "TT", 
    "admin_name": "San Fernando", 
    "capital": "", 
    "population": "", 
    "population_proper": ""
  }, 
  {
    "city": "Vistabella", 
    "lat": "10.2892", 
    "lng": "-61.4541", 
    "country": "Trinidad and Tobago", 
    "iso2": "TT", 
    "admin_name": "San Fernando", 
    "capital": "", 
    "population": "", 
    "population_proper": ""
  }, 
  {
    "city": "Pleasantville", 
    "lat": "10.2687", 
    "lng": "-61.4548", 
    "country": "Trinidad and Tobago", 
    "iso2": "TT", 
    "admin_name": "San Fernando", 
    "capital": "", 
    "population": "", 
    "population_proper": ""
  }, 
  {
    "city": "La Pique", 
    "lat": "10.2799", 
    "lng": "-61.4643", 
    "country": "Trinidad and Tobago", 
    "iso2": "TT", 
    "admin_name": "San Fernando", 
    "capital": "", 
    "population": "", 
    "population_proper": ""
  }, 
  {
    "city": "Spring Vale", 
    "lat": "10.2867", 
    "lng": "-61.4625", 
    "country": "Trinidad and Tobago", 
    "iso2": "TT", 
    "admin_name": "San Fernando", 
    "capital": "", 
    "population": "", 
    "population_proper": ""
  }, 
  {
    "city": "Mon Repos", 
    "lat": "10.2798", 
    "lng": "-61.4459", 
    "country": "Trinidad and Tobago", 
    "iso2": "TT", 
    "admin_name": "San Fernando", 
    "capital": "", 
    "population": "", 
    "population_proper": ""
  }, 
  {
    "city": "Saint Joseph", 
    "lat": "10.2845", 
    "lng": "-61.4470", 
    "country": "Trinidad and Tobago", 
    "iso2": "TT", 
    "admin_name": "San Fernando", 
    "capital": "", 
    "population": "", 
    "population_proper": ""
  }, 
  {
    "city": "Gonzales", 
    "lat": "10.6586", 
    "lng": "-61.5036", 
    "country": "Trinidad and Tobago", 
    "iso2": "TT", 
    "admin_name": "San Juan/Laventille", 
    "capital": "", 
    "population": "", 
    "population_proper": ""
  }, 
  {
    "city": "Boissiere Village", 
    "lat": "10.6667", 
    "lng": "-61.5167", 
    "country": "Trinidad and Tobago", 
    "iso2": "TT", 
    "admin_name": "Port of Spain", 
    "capital": "", 
    "population": "", 
    "population_proper": ""
  }, 
  {
    "city": "Saint Clair", 
    "lat": "10.6705", 
    "lng": "-61.5211", 
    "country": "Trinidad and Tobago", 
    "iso2": "TT", 
    "admin_name": "Port of Spain", 
    "capital": "", 
    "population": "", 
    "population_proper": ""
  }, 
  {
    "city": "East Dry River", 
    "lat": "10.6564", 
    "lng": "-61.5056", 
    "country": "Trinidad and Tobago", 
    "iso2": "TT", 
    "admin_name": "Port of Spain", 
    "capital": "", 
    "population": "", 
    "population_proper": ""
  }, 
  {
    "city": "Aranguez", 
    "lat": "10.6472", 
    "lng": "-61.4461", 
    "country": "Trinidad and Tobago", 
    "iso2": "TT", 
    "admin_name": "San Juan/Laventille", 
    "capital": "admin", 
    "population": "", 
    "population_proper": ""
  }, 
  {
    "city": "Union", 
    "lat": "10.3014", 
    "lng": "-61.4361", 
    "country": "Trinidad and Tobago", 
    "iso2": "TT", 
    "admin_name": "San Fernando", 
    "capital": "", 
    "population": "", 
    "population_proper": ""
  }, 
  {
    "city": "Palmiste", 
    "lat": "10.2627", 
    "lng": "-61.4648", 
    "country": "Trinidad and Tobago", 
    "iso2": "TT", 
    "admin_name": "San Fernando", 
    "capital": "", 
    "population": "", 
    "population_proper": ""
  }, 
  {
    "city": "Belmont", 
    "lat": "10.6682", 
    "lng": "-61.5057", 
    "country": "Trinidad and Tobago", 
    "iso2": "TT", 
    "admin_name": "Port of Spain", 
    "capital": "", 
    "population": "", 
    "population_proper": ""
  }, 
  {
    "city": "Saint Thomas", 
    "lat": "10.5197", 
    "lng": "-61.4234", 
    "country": "Trinidad and Tobago", 
    "iso2": "TT", 
    "admin_name": "Chaguanas", 
    "capital": "", 
    "population": "", 
    "population_proper": ""
  }, 
  {
    "city": "Cacandee Settlement", 
    "lat": "10.5500", 
    "lng": "-61.4333", 
    "country": "Trinidad and Tobago", 
    "iso2": "TT", 
    "admin_name": "Chaguanas", 
    "capital": "", 
    "population": "", 
    "population_proper": ""
  }, 
  {
    "city": "Felicity", 
    "lat": "10.5389", 
    "lng": "-61.4389", 
    "country": "Trinidad and Tobago", 
    "iso2": "TT", 
    "admin_name": "Chaguanas", 
    "capital": "", 
    "population": "", 
    "population_proper": ""
  }, 
  {
    "city": "Lendor", 
    "lat": "10.5167", 
    "lng": "-61.4000", 
    "country": "Trinidad and Tobago", 
    "iso2": "TT", 
    "admin_name": "Chaguanas", 
    "capital": "", 
    "population": "", 
    "population_proper": ""
  }, 
  {
    "city": "Enterprise", 
    "lat": "10.5226", 
    "lng": "-61.3856", 
    "country": "Trinidad and Tobago", 
    "iso2": "TT", 
    "admin_name": "Chaguanas", 
    "capital": "", 
    "population": "", 
    "population_proper": ""
  }, 
  {
    "city": "Jermingham Junction", 
    "lat": "10.5488", 
    "lng": "-61.3994", 
    "country": "Trinidad and Tobago", 
    "iso2": "TT", 
    "admin_name": "Chaguanas", 
    "capital": "", 
    "population": "", 
    "population_proper": ""
  }, 
  {
    "city": "Montrose", 
    "lat": "10.5170", 
    "lng": "-61.3948", 
    "country": "Trinidad and Tobago", 
    "iso2": "TT", 
    "admin_name": "Chaguanas", 
    "capital": "", 
    "population": "", 
    "population_proper": ""
  }, 
  {
    "city": "Edinburgh", 
    "lat": "10.5009", 
    "lng": "-61.4098", 
    "country": "Trinidad and Tobago", 
    "iso2": "TT", 
    "admin_name": "Chaguanas", 
    "capital": "", 
    "population": "", 
    "population_proper": ""
  }, 
  {
    "city": "Cumberbatch", 
    "lat": "10.5067", 
    "lng": "-61.4092", 
    "country": "Trinidad and Tobago", 
    "iso2": "TT", 
    "admin_name": "Chaguanas", 
    "capital": "", 
    "population": "", 
    "population_proper": ""
  }, 
  {
    "city": "Victoria", 
    "lat": "10.2612", 
    "lng": "-61.4547", 
    "country": "Trinidad and Tobago", 
    "iso2": "TT", 
    "admin_name": "San Fernando", 
    "capital": "", 
    "population": "", 
    "population_proper": ""
  }, 
  {
    "city": "Maturita", 
    "lat": "10.6415", 
    "lng": "-61.2691", 
    "country": "Trinidad and Tobago", 
    "iso2": "TT", 
    "admin_name": "Tunapuna/Piarco", 
    "capital": "", 
    "population": "", 
    "population_proper": ""
  }, 
  {
    "city": "Cocorite", 
    "lat": "10.6811", 
    "lng": "-61.5488", 
    "country": "Trinidad and Tobago", 
    "iso2": "TT", 
    "admin_name": "Diego Martin", 
    "capital": "", 
    "population": "", 
    "population_proper": ""
  }, 
  {
    "city": "Canaan", 
    "lat": "10.2533", 
    "lng": "-61.4763", 
    "country": "Trinidad and Tobago", 
    "iso2": "TT", 
    "admin_name": "Penal/Debe", 
    "capital": "", 
    "population": "", 
    "population_proper": ""
  }, 
  {
    "city": "Bacolet", 
    "lat": "11.1667", 
    "lng": "-60.7167", 
    "country": "Trinidad and Tobago", 
    "iso2": "TT", 
    "admin_name": "Tobago", 
    "capital": "", 
    "population": "", 
    "population_proper": ""
  }, 
  {
    "city": "Calder Hall", 
    "lat": "11.1913", 
    "lng": "-60.7350", 
    "country": "Trinidad and Tobago", 
    "iso2": "TT", 
    "admin_name": "Tobago", 
    "capital": "", 
    "population": "", 
    "population_proper": ""
  }, 
  {
    "city": "Mount Grace", 
    "lat": "11.1833", 
    "lng": "-60.7500", 
    "country": "Trinidad and Tobago", 
    "iso2": "TT", 
    "admin_name": "Tobago", 
    "capital": "", 
    "population": "", 
    "population_proper": ""
  }, 
  {
    "city": "Rockly Vale", 
    "lat": "11.1902", 
    "lng": "-60.7377", 
    "country": "Trinidad and Tobago", 
    "iso2": "TT", 
    "admin_name": "Tobago", 
    "capital": "", 
    "population": "", 
    "population_proper": ""
  }, 
  {
    "city": "Lambeau", 
    "lat": "11.1688", 
    "lng": "-60.7609", 
    "country": "Trinidad and Tobago", 
    "iso2": "TT", 
    "admin_name": "Tobago", 
    "capital": "", 
    "population": "", 
    "population_proper": ""
  }, 
  {
    "city": "Patience Hill", 
    "lat": "11.1882", 
    "lng": "-60.7639", 
    "country": "Trinidad and Tobago", 
    "iso2": "TT", 
    "admin_name": "Tobago", 
    "capital": "", 
    "population": "", 
    "population_proper": ""
  }, 
  {
    "city": "Lower Town", 
    "lat": "11.1843", 
    "lng": "-60.7379", 
    "country": "Trinidad and Tobago", 
    "iso2": "TT", 
    "admin_name": "Tobago", 
    "capital": "", 
    "population": "", 
    "population_proper": ""
  }, 
  {
    "city": "Union", 
    "lat": "11.1833", 
    "lng": "-60.7500", 
    "country": "Trinidad and Tobago", 
    "iso2": "TT", 
    "admin_name": "Tobago", 
    "capital": "", 
    "population": "", 
    "population_proper": ""
  }, 
  {
    "city": "Prospect", 
    "lat": "11.1772", 
    "lng": "-60.7818", 
    "country": "Trinidad and Tobago", 
    "iso2": "TT", 
    "admin_name": "Tobago", 
    "capital": "", 
    "population": "", 
    "population_proper": ""
  }, 
  {
    "city": "Grafton", 
    "lat": "11.1833", 
    "lng": "-60.7833", 
    "country": "Trinidad and Tobago", 
    "iso2": "TT", 
    "admin_name": "Tobago", 
    "capital": "", 
    "population": "", 
    "population_proper": ""
  }, 
  {
    "city": "Morne Quiton", 
    "lat": "11.1864", 
    "lng": "-60.7261", 
    "country": "Trinidad and Tobago", 
    "iso2": "TT", 
    "admin_name": "Tobago", 
    "capital": "", 
    "population": "", 
    "population_proper": ""
  }, 
  {
    "city": "Harmony Hall", 
    "lat": "11.1982", 
    "lng": "-60.7322", 
    "country": "Trinidad and Tobago", 
    "iso2": "TT", 
    "admin_name": "Tobago", 
    "capital": "", 
    "population": "", 
    "population_proper": ""
  }, 
  {
    "city": "La Basse", 
    "lat": "10.6500", 
    "lng": "-61.5000", 
    "country": "Trinidad and Tobago", 
    "iso2": "TT", 
    "admin_name": "San Juan/Laventille", 
    "capital": "", 
    "population": "", 
    "population_proper": ""
  }, 
  {
    "city": "Sea View Gardens", 
    "lat": "10.6837", 
    "lng": "-61.5820", 
    "country": "Trinidad and Tobago", 
    "iso2": "TT", 
    "admin_name": "Diego Martin", 
    "capital": "", 
    "population": "", 
    "population_proper": ""
  }, 
  {
    "city": "Sierra Leone", 
    "lat": "10.7000", 
    "lng": "-61.5500", 
    "country": "Trinidad and Tobago", 
    "iso2": "TT", 
    "admin_name": "Diego Martin", 
    "capital": "", 
    "population": "", 
    "population_proper": ""
  }, 
  {
    "city": "Bayshore", 
    "lat": "10.6785", 
    "lng": "-61.5662", 
    "country": "Trinidad and Tobago", 
    "iso2": "TT", 
    "admin_name": "Diego Martin", 
    "capital": "", 
    "population": "", 
    "population_proper": ""
  }, 
  {
    "city": "Coco", 
    "lat": "10.6833", 
    "lng": "-61.5833", 
    "country": "Trinidad and Tobago", 
    "iso2": "TT", 
    "admin_name": "Diego Martin", 
    "capital": "", 
    "population": "", 
    "population_proper": ""
  }, 
  {
    "city": "Mount Pleasant", 
    "lat": "10.7132", 
    "lng": "-61.6100", 
    "country": "Trinidad and Tobago", 
    "iso2": "TT", 
    "admin_name": "Diego Martin", 
    "capital": "", 
    "population": "", 
    "population_proper": ""
  }, 
  {
    "city": "Green Hill", 
    "lat": "10.7314", 
    "lng": "-61.5634", 
    "country": "Trinidad and Tobago", 
    "iso2": "TT", 
    "admin_name": "Diego Martin", 
    "capital": "", 
    "population": "", 
    "population_proper": ""
  }, 
  {
    "city": "Glencoe", 
    "lat": "10.6816", 
    "lng": "-61.5740", 
    "country": "Trinidad and Tobago", 
    "iso2": "TT", 
    "admin_name": "Diego Martin", 
    "capital": "", 
    "population": "", 
    "population_proper": ""
  }, 
  {
    "city": "Riche Plaine", 
    "lat": "10.7167", 
    "lng": "-61.5667", 
    "country": "Trinidad and Tobago", 
    "iso2": "TT", 
    "admin_name": "Diego Martin", 
    "capital": "", 
    "population": "", 
    "population_proper": ""
  }, 
  {
    "city": "La Retraite", 
    "lat": "10.6799", 
    "lng": "-61.6587", 
    "country": "Trinidad and Tobago", 
    "iso2": "TT", 
    "admin_name": "Diego Martin", 
    "capital": "", 
    "population": "", 
    "population_proper": ""
  }, 
  {
    "city": "Cameron", 
    "lat": "10.7167", 
    "lng": "-61.5500", 
    "country": "Trinidad and Tobago", 
    "iso2": "TT", 
    "admin_name": "Diego Martin", 
    "capital": "", 
    "population": "", 
    "population_proper": ""
  }, 
  {
    "city": "Chaguaramas", 
    "lat": "10.6833", 
    "lng": "-61.6333", 
    "country": "Trinidad and Tobago", 
    "iso2": "TT", 
    "admin_name": "Diego Martin", 
    "capital": "", 
    "population": "", 
    "population_proper": ""
  }, 
  {
    "city": "Petit Bourg", 
    "lat": "10.6827", 
    "lng": "-61.6183", 
    "country": "Trinidad and Tobago", 
    "iso2": "TT", 
    "admin_name": "Diego Martin", 
    "capital": "", 
    "population": "", 
    "population_proper": ""
  }, 
  {
    "city": "Coolie Block", 
    "lat": "10.7333", 
    "lng": "-61.5500", 
    "country": "Trinidad and Tobago", 
    "iso2": "TT", 
    "admin_name": "Diego Martin", 
    "capital": "", 
    "population": "", 
    "population_proper": ""
  }, 
  {
    "city": "Four Roads", 
    "lat": "10.6885", 
    "lng": "-61.5602", 
    "country": "Trinidad and Tobago", 
    "iso2": "TT", 
    "admin_name": "Diego Martin", 
    "capital": "", 
    "population": "", 
    "population_proper": ""
  }, 
  {
    "city": "Dibe", 
    "lat": "10.6833", 
    "lng": "-61.5333", 
    "country": "Trinidad and Tobago", 
    "iso2": "TT", 
    "admin_name": "Diego Martin", 
    "capital": "", 
    "population": "", 
    "population_proper": ""
  }, 
  {
    "city": "La Finette", 
    "lat": "10.7314", 
    "lng": "-61.5161", 
    "country": "Trinidad and Tobago", 
    "iso2": "TT", 
    "admin_name": "Diego Martin", 
    "capital": "", 
    "population": "", 
    "population_proper": ""
  }, 
  {
    "city": "Goodwood Park", 
    "lat": "10.6833", 
    "lng": "-61.5687", 
    "country": "Trinidad and Tobago", 
    "iso2": "TT", 
    "admin_name": "Diego Martin", 
    "capital": "", 
    "population": "", 
    "population_proper": ""
  }, 
  {
    "city": "Petit Valley", 
    "lat": "10.6989", 
    "lng": "-61.5467", 
    "country": "Trinidad and Tobago", 
    "iso2": "TT", 
    "admin_name": "Diego Martin", 
    "capital": "", 
    "population": "", 
    "population_proper": ""
  }, 
  {
    "city": "Carenage", 
    "lat": "10.6833", 
    "lng": "-61.6000", 
    "country": "Trinidad and Tobago", 
    "iso2": "TT", 
    "admin_name": "Diego Martin", 
    "capital": "", 
    "population": "", 
    "population_proper": ""
  }, 
  {
    "city": "Hart’s Cut", 
    "lat": "10.6833", 
    "lng": "-61.6167", 
    "country": "Trinidad and Tobago", 
    "iso2": "TT", 
    "admin_name": "Diego Martin", 
    "capital": "", 
    "population": "", 
    "population_proper": ""
  }, 
  {
    "city": "Maraval", 
    "lat": "10.7000", 
    "lng": "-61.5167", 
    "country": "Trinidad and Tobago", 
    "iso2": "TT", 
    "admin_name": "Diego Martin", 
    "capital": "", 
    "population": "", 
    "population_proper": ""
  }, 
  {
    "city": "Diamond", 
    "lat": "11.1716", 
    "lng": "-60.7701", 
    "country": "Trinidad and Tobago", 
    "iso2": "TT", 
    "admin_name": "Tobago", 
    "capital": "", 
    "population": "", 
    "population_proper": ""
  }, 
  {
    "city": "Cap-de-Ville", 
    "lat": "10.1526", 
    "lng": "-61.7075", 
    "country": "Trinidad and Tobago", 
    "iso2": "TT", 
    "admin_name": "Point Fortin", 
    "capital": "", 
    "population": "", 
    "population_proper": ""
  }, 
  {
    "city": "Guapo", 
    "lat": "10.1951", 
    "lng": "-61.6566", 
    "country": "Trinidad and Tobago", 
    "iso2": "TT", 
    "admin_name": "Point Fortin", 
    "capital": "", 
    "population": "", 
    "population_proper": ""
  }, 
  {
    "city": "Point Ligoure", 
    "lat": "10.1667", 
    "lng": "-61.6667", 
    "country": "Trinidad and Tobago", 
    "iso2": "TT", 
    "admin_name": "Point Fortin", 
    "capital": "", 
    "population": "", 
    "population_proper": ""
  }, 
  {
    "city": "Providence", 
    "lat": "11.2047", 
    "lng": "-60.7339", 
    "country": "Trinidad and Tobago", 
    "iso2": "TT", 
    "admin_name": "Tobago", 
    "capital": "", 
    "population": "", 
    "population_proper": ""
  }, 
  {
    "city": "Riseland", 
    "lat": "11.1667", 
    "lng": "-60.7833", 
    "country": "Trinidad and Tobago", 
    "iso2": "TT", 
    "admin_name": "Tobago", 
    "capital": "", 
    "population": "", 
    "population_proper": ""
  }, 
  {
    "city": "Carnbee Village", 
    "lat": "11.1685", 
    "lng": "-60.7814", 
    "country": "Trinidad and Tobago", 
    "iso2": "TT", 
    "admin_name": "Tobago", 
    "capital": "", 
    "population": "", 
    "population_proper": ""
  }, 
  {
    "city": "Curucaye", 
    "lat": "10.6691", 
    "lng": "-61.4502", 
    "country": "Trinidad and Tobago", 
    "iso2": "TT", 
    "admin_name": "San Juan/Laventille", 
    "capital": "", 
    "population": "", 
    "population_proper": ""
  }, 
  {
    "city": "Maracas Bay Village", 
    "lat": "10.7569", 
    "lng": "-61.4342", 
    "country": "Trinidad and Tobago", 
    "iso2": "TT", 
    "admin_name": "San Juan/Laventille", 
    "capital": "", 
    "population": "", 
    "population_proper": ""
  }, 
  {
    "city": "El Socorro", 
    "lat": "10.6374", 
    "lng": "-61.4554", 
    "country": "Trinidad and Tobago", 
    "iso2": "TT", 
    "admin_name": "San Juan/Laventille", 
    "capital": "", 
    "population": "", 
    "population_proper": ""
  }, 
  {
    "city": "Earthigg", 
    "lat": "10.6667", 
    "lng": "-61.5000", 
    "country": "Trinidad and Tobago", 
    "iso2": "TT", 
    "admin_name": "San Juan/Laventille", 
    "capital": "", 
    "population": "", 
    "population_proper": ""
  }, 
  {
    "city": "Barataria", 
    "lat": "10.6500", 
    "lng": "-61.4667", 
    "country": "Trinidad and Tobago", 
    "iso2": "TT", 
    "admin_name": "San Juan/Laventille", 
    "capital": "", 
    "population": "", 
    "population_proper": ""
  }, 
  {
    "city": "Guamal", 
    "lat": "10.7500", 
    "lng": "-61.3667", 
    "country": "Trinidad and Tobago", 
    "iso2": "TT", 
    "admin_name": "San Juan/Laventille", 
    "capital": "", 
    "population": "", 
    "population_proper": ""
  }, 
  {
    "city": "Santa Cruz", 
    "lat": "10.7167", 
    "lng": "-61.4667", 
    "country": "Trinidad and Tobago", 
    "iso2": "TT", 
    "admin_name": "San Juan/Laventille", 
    "capital": "", 
    "population": "", 
    "population_proper": ""
  }, 
  {
    "city": "Morvant", 
    "lat": "10.6500", 
    "lng": "-61.4667", 
    "country": "Trinidad and Tobago", 
    "iso2": "TT", 
    "admin_name": "San Juan/Laventille", 
    "capital": "", 
    "population": "", 
    "population_proper": ""
  }
]